pv_size_kwp,battery_size_kwh,total_load_kwh,total_pv_generation_kwh,total_grid_import_kwh,total_curtailed_kwh,total_battery_charge_kwh,total_battery_discharge_kwh,renewable_fraction,grid_dependency,curtailment_fraction,shortage_hours,loss_of_load_probability,max_consecutive_shortage_hours,capex_estimate
10,0,198603.39999999997,13285.4896,185317.9104,0.0,0.0,0.0,0.06689457280187537,0.9331054271981246,0.0,8760,1.0,8760,7000
10,0,198603.39999999997,13285.4896,185317.9104,0.0,0.0,0.0,0.06689457280187537,0.9331054271981246,0.0,8760,1.0,8760,7000
10,10,198603.39999999997,13285.4896,185314.1156668078,0.0,0.0,3.794733192202055,0.0669136798926512,0.9330863201073488,0.0,8760,1.0,8760,10000
10,10,198603.39999999997,13285.4896,185314.1156668078,0.0,0.0,3.794733192202055,0.0669136798926512,0.9330863201073488,0.0,8760,1.0,8760,10000
10,20,198603.39999999997,13285.4896,185310.3209336156,0.0,0.0,7.58946638440411,0.06693278698342704,0.9330672130165729,0.0,8759,0.9998858447488584,8759,13000
10,20,198603.39999999997,13285.4896,185310.3209336156,0.0,0.0,7.58946638440411,0.06693278698342704,0.9330672130165729,0.0,8759,0.9998858447488584,8759,13000
10,40,198603.39999999997,13285.4896,185302.73146723118,0.0,0.0,15.17893276880822,0.066971001164979,0.933028998835021,0.0,8757,0.9996575342465753,8757,19000
10,40,198603.39999999997,13285.4896,185302.73146723118,0.0,0.0,15.17893276880822,0.066971001164979,0.933028998835021,0.0,8757,0.9996575342465753,8757,19000
10,60,198603.39999999997,13285.4896,185295.1420008468,0.0,0.0,22.768399153212336,0.06700921534653068,0.9329907846534693,0.0,8755,0.9994292237442922,8755,25000
10,60,198603.39999999997,13285.4896,185295.1420008468,0.0,0.0,22.768399153212336,0.06700921534653068,0.9329907846534693,0.0,8755,0.9994292237442922,8755,25000
10,100,198603.39999999997,13285.4896,185279.96306807798,0.0,0.0,37.94733192202056,0.06708564370963431,0.9329143562903657,0.0,8754,0.9993150684931507,8754,37000
10,100,198603.39999999997,13285.4896,185279.96306807798,0.0,0.0,37.94733192202056,0.06708564370963431,0.9329143562903657,0.0,8754,0.9993150684931507,8754,37000
20,0,198603.39999999997,26570.9792,172032.42080000002,0.0,0.0,0.0,0.13378914560375074,0.8662108543962492,0.0,8760,1.0,8760,14000
20,0,198603.39999999997,26570.9792,172032.42080000002,0.0,0.0,0.0,0.13378914560375074,0.8662108543962492,0.0,8760,1.0,8760,14000
20,10,198603.39999999997,26570.9792,172028.6260668078,0.0,0.0,3.794733192202055,0.1338082526945267,0.8661917473054733,0.0,8760,1.0,8760,17000
20,10,198603.39999999997,26570.9792,172028.6260668078,0.0,0.0,3.794733192202055,0.1338082526945267,0.8661917473054733,0.0,8760,1.0,8760,17000
20,20,198603.39999999997,26570.9792,172024.8313336156,0.0,0.0,7.58946638440411,0.13382735978530255,0.8661726402146974,0.0,8759,0.9998858447488584,8759,20000
20,20,198603.39999999997,26570.9792,172024.8313336156,0.0,0.0,7.58946638440411,0.13382735978530255,0.8661726402146974,0.0,8759,0.9998858447488584,8759,20000
20,40,198603.39999999997,26570.9792,172017.2418672312,0.0,0.0,15.17893276880822,0.13386557396685436,0.8661344260331456,0.0,8757,0.9996575342465753,8757,26000
20,40,198603.39999999997,26570.9792,172017.2418672312,0.0,0.0,15.17893276880822,0.13386557396685436,0.8661344260331456,0.0,8757,0.9996575342465753,8757,26000
20,60,198603.39999999997,26570.9792,172009.6524008468,0.0,0.0,22.768399153212336,0.13390378814840617,0.8660962118515938,0.0,8755,0.9994292237442922,8755,32000
20,60,198603.39999999997,26570.9792,172009.6524008468,0.0,0.0,22.768399153212336,0.13390378814840617,0.8660962118515938,0.0,8755,0.9994292237442922,8755,32000
20,100,198603.39999999997,26570.9792,171994.47346807798,0.0,0.0,37.94733192202056,0.13398021651150982,0.8660197834884902,0.0,8754,0.9993150684931507,8754,44000
20,100,198603.39999999997,26570.9792,171994.47346807798,0.0,0.0,37.94733192202056,0.13398021651150982,0.8660197834884902,0.0,8754,0.9993150684931507,8754,44000
30,0,198603.39999999997,39856.4688,158746.9312,0.0,0.0,0.0,0.20068371840562638,0.7993162815943736,0.0,8760,1.0,8760,21000
30,0,198603.39999999997,39856.4688,158746.9312,0.0,0.0,0.0,0.20068371840562638,0.7993162815943736,0.0,8760,1.0,8760,21000
30,10,198603.39999999997,39856.4688,158743.1364668078,0.0,0.0,3.794733192202055,0.20070282549640223,0.7992971745035978,0.0,8760,1.0,8760,24000
30,10,198603.39999999997,39856.4688,158743.1364668078,0.0,0.0,3.794733192202055,0.20070282549640223,0.7992971745035978,0.0,8760,1.0,8760,24000
30,20,198603.39999999997,39856.4688,158739.3417336156,0.0,0.0,7.58946638440411,0.20072193258717805,0.7992780674128219,0.0,8759,0.9998858447488584,8759,27000
30,20,198603.39999999997,39856.4688,158739.3417336156,0.0,0.0,7.58946638440411,0.20072193258717805,0.7992780674128219,0.0,8759,0.9998858447488584,8759,27000
30,40,198603.39999999997,39856.4688,158731.75226723118,0.0,0.0,15.17893276880822,0.20076014676873002,0.79923985323127,0.0,8757,0.9996575342465753,8757,33000
30,40,198603.39999999997,39856.4688,158731.75226723118,0.0,0.0,15.17893276880822,0.20076014676873002,0.79923985323127,0.0,8757,0.9996575342465753,8757,33000
30,60,198603.39999999997,39856.4688,158724.1628008468,0.0,0.0,22.768399153212336,0.2007983609502817,0.7992016390497183,0.0,8755,0.9994292237442922,8755,39000
30,60,198603.39999999997,39856.4688,158724.1628008468,0.0,0.0,22.768399153212336,0.2007983609502817,0.7992016390497183,0.0,8755,0.9994292237442922,8755,39000
30,100,198603.39999999997,39856.4688,158708.98386807798,0.0,0.0,37.94733192202056,0.20087478931338534,0.7991252106866147,0.0,8754,0.9993150684931507,8754,51000
30,100,198603.39999999997,39856.4688,158708.98386807798,0.0,0.0,37.94733192202056,0.20087478931338534,0.7991252106866147,0.0,8754,0.9993150684931507,8754,51000
40,0,198603.39999999997,53141.9584,145606.5848,145.14320000000015,0.0,0.0,0.26684747189625135,0.7331525281037486,0.0027312354374956598,8689,0.9918949771689498,1343,28000
40,0,198603.39999999997,53141.9584,145606.5848,145.14320000000015,0.0,0.0,0.26684747189625135,0.7331525281037486,0.0027312354374956598,8689,0.9918949771689498,1343,28000
40,10,198603.39999999997,53141.9584,145483.10860871305,12.163802116969222,132.9793978830309,123.47619128692986,0.2674691943405144,0.7325308056594856,0.00022889262050548032,8673,0.9900684931506849,1343,31000
40,10,198603.39999999997,53141.9584,145483.10860871305,12.163802116969222,132.9793978830309,123.47619128692986,0.2674691943405144,0.7325308056594856,0.00022889262050548032,8673,0.9900684931506849,1343,31000
40,20,198603.39999999997,53141.9584,145468.3664536156,0.0,145.14320000000015,138.2183463844042,0.2675434234579286,0.7324565765420714,0.0,8666,0.9892694063926941,1343,34000
40,20,198603.39999999997,53141.9584,145468.3664536156,0.0,145.14320000000015,138.2183463844042,0.2675434234579286,0.7324565765420714,0.0,8666,0.9892694063926941,1343,34000
40,40,198603.39999999997,53141.9584,145460.7769872312,0.0,145.14320000000015,145.80781276880833,0.2675816376394804,0.7324183623605196,0.0,8664,0.989041095890411,1343,40000
40,40,198603.39999999997,53141.9584,145460.7769872312,0.0,145.14320000000015,145.80781276880833,0.2675816376394804,0.7324183623605196,0.0,8664,0.989041095890411,1343,40000
40,60,198603.39999999997,53141.9584,145453.18752084678,0.0,145.14320000000015,153.39727915321245,0.2676198518210322,0.7323801481789678,0.0,8662,0.9888127853881279,1343,46000
40,60,198603.39999999997,53141.9584,145453.18752084678,0.0,145.14320000000015,153.39727915321245,0.2676198518210322,0.7323801481789678,0.0,8662,0.9888127853881279,1343,46000
40,100,198603.39999999997,53141.9584,145438.00858807797,0.0,145.14320000000015,168.5762119220207,0.2676962801841359,0.7323037198158642,0.0,8661,0.9886986301369863,1343,58000
40,100,198603.39999999997,53141.9584,145438.00858807797,0.0,145.14320000000015,168.5762119220207,0.2676962801841359,0.7323037198158642,0.0,8661,0.9886986301369863,1343,58000
50,0,198603.39999999997,66427.448,133076.91449999998,900.9625000000003,0.0,0.0,0.32993637319401375,0.6700636268059862,0.013563105720996541,8601,0.9818493150684932,669,35000
50,0,198603.39999999997,66427.448,133076.91449999998,900.9625000000003,0.0,0.0,0.32993637319401375,0.6700636268059862,0.013563105720996541,8601,0.9818493150684932,669,35000
50,10,198603.39999999997,66427.448,132747.38067569907,539.0301765458564,361.9323234541439,329.53382430093154,0.33159562889809996,0.6684043711019,0.008114569997418181,8569,0.9781963470319635,669,38000
50,10,198603.39999999997,66427.448,132747.38067569907,539.0301765458564,361.9323234541439,329.53382430093154,0.33159562889809996,0.6684043711019,0.008114569997418181,8569,0.9781963470319635,669,38000
50,20,198603.39999999997,66427.448,132525.1113963174,296.28068077979464,604.6818192202056,551.8031036825892,0.33271479039977453,0.6672852096002255,0.004460214710939891,8562,0.9773972602739726,669,41000
50,20,198603.39999999997,66427.448,132525.1113963174,296.28068077979464,604.6818192202056,551.8031036825892,0.33271479039977453,0.6672852096002255,0.004460214710939891,8562,0.9773972602739726,669,41000
50,40,198603.39999999997,66427.448,132289.65107739266,43.090844623835665,857.8716553761647,787.2634226073563,0.33390037090305263,0.6660996290969474,0.0006486903519737152,8542,0.9751141552511415,669,47000
50,40,198603.39999999997,66427.448,132289.65107739266,43.090844623835665,857.8716553761647,787.2634226073563,0.33390037090305263,0.6660996290969474,0.0006486903519737152,8542,0.9751141552511415,669,47000
50,60,198603.39999999997,66427.448,132243.2798508468,0.0,900.9625000000003,833.6346491532125,0.33413385747249635,0.6658661425275036,0.0,8534,0.9742009132420091,669,53000
50,60,198603.39999999997,66427.448,132243.2798508468,0.0,900.9625000000003,833.6346491532125,0.33413385747249635,0.6658661425275036,0.0,8534,0.9742009132420091,669,53000
50,100,198603.39999999997,66427.448,132228.10091807798,0.0,900.9625000000003,848.8135819220208,0.3342102858356,0.6657897141644,0.0,8533,0.9740867579908675,669,65000
50,100,198603.39999999997,66427.448,132228.10091807798,0.0,900.9625000000003,848.8135819220208,0.3342102858356,0.6657897141644,0.0,8533,0.9740867579908675,669,65000
75,0,198603.39999999997,99641.17199999999,107699.80249999999,8737.574499999999,0.0,0.0,0.45771420579909505,0.542285794200905,0.08769040271826589,7744,0.8840182648401826,119,52500
75,0,198603.39999999997,99641.17199999999,107699.80249999999,8737.574499999999,0.0,0.0,0.45771420579909505,0.542285794200905,0.08769040271826589,7744,0.8840182648401826,119,52500
75,10,198603.39999999997,99641.17199999999,105591.63110150633,6399.37820522059,2338.1962947794104,2108.1713984936714,0.4683291872067329,0.5316708127932671,0.06422423659589824,7642,0.8723744292237443,119,55500
75,10,198603.39999999997,99641.17199999999,105591.63110150633,6399.37820522059,2338.1962947794104,2108.1713984936714,0.4683291872067329,0.5316708127932671,0.06422423659589824,7642,0.8723744292237443,119,55500
75,20,198603.39999999997,99641.17199999999,104008.24412379847,4644.27571131432,4093.2987886856813,3691.558376201517,0.47630179481419505,0.5236982051858049,0.046610006868589626,7520,0.8584474885844748,119,58500
75,20,198603.39999999997,99641.17199999999,104008.24412379847,4644.27571131432,4093.2987886856813,3691.558376201517,0.47630179481419505,0.5236982051858049,0.046610006868589626,7520,0.8584474885844748,119,58500
75,40,198603.39999999997,99641.17199999999,102154.03519130536,2592.476304526842,6145.09819547316,5545.767308694651,0.48563803443795334,0.5143619655620466,0.02601812335694769,7439,0.8492009132420091,117,64500
75,40,198603.39999999997,99641.17199999999,102154.03519130536,2592.476304526842,6145.09819547316,5545.767308694651,0.48563803443795334,0.5143619655620466,0.02601812335694769,7439,0.8492009132420091,117,64500
75,60,198603.39999999997,99641.17199999999,101320.81468681552,1675.1084844096804,7062.46601559032,6378.9878131845,0.48983343343157504,0.510166566568425,0.016811408886375608,7349,0.8389269406392694,117,70500
75,60,198603.39999999997,99641.17199999999,101320.81468681552,1675.1084844096804,7062.46601559032,6378.9878131845,0.48983343343157504,0.510166566568425,0.016811408886375608,7349,0.8389269406392694,117,70500
75,100,198603.39999999997,99641.17199999999,100415.56246293796,686.1381609555367,8051.436339044463,7284.240037062038,0.4943915236952742,0.5056084763047258,0.006886090831564454,7112,0.8118721461187215,117,82500
75,100,198603.39999999997,99641.17199999999,100415.56246293796,686.1381609555367,8051.436339044463,7284.240037062038,0.4943915236952742,0.5056084763047258,0.006886090831564454,7112,0.8118721461187215,117,82500
100,0,198603.39999999997,132854.896,93839.387,28090.883,0.0,0.0,0.5275036227979983,0.47249637720200166,0.21144032960591833,7121,0.8128995433789954,68,70000
100,0,198603.39999999997,132854.896,93839.387,28090.883,0.0,0.0,0.5275036227979983,0.47249637720200166,0.21144032960591833,7121,0.8128995433789954,68,70000
100,10,198603.39999999997,132854.896,91028.35340540294,24971.72870955018,3119.154290449823,2811.033594597042,0.5416576281906404,0.45834237180935955,0.18796242713968314,6993,0.7982876712328767,67,73000
100,10,198603.39999999997,132854.896,91028.35340540294,24971.72870955018,3119.154290449823,2811.033594597042,0.5416576281906404,0.45834237180935955,0.18796242713968314,6993,0.7982876712328767,67,73000
100,20,198603.39999999997,132854.896,88454.23650381992,22115.815189115914,5975.0678108840875,5385.150496180082,0.554618720002679,0.44538127999732097,0.16646594032271053,6935,0.7916666666666666,67,76000
100,20,198603.39999999997,132854.896,88454.23650381992,22115.815189115914,5975.0678108840875,5385.150496180082,0.554618720002679,0.44538127999732097,0.16646594032271053,6935,0.7916666666666666,67,76000
100,40,198603.39999999997,132854.896,83822.59358604674,16977.978020906176,11112.904979093826,10016.79341395325,0.5779397855925591,0.42206021440744096,0.12779339363531003,6733,0.7686073059360731,67,82000
100,40,198603.39999999997,132854.896,83822.59358604674,16977.978020906176,11112.904979093826,10016.79341395325,0.5779397855925591,0.42206021440744096,0.12779339363531003,6733,0.7686073059360731,67,82000
100,60,198603.39999999997,132854.896,79847.83749904868,12570.015109113225,15520.867890886777,13991.54950095131,0.597953320542102,0.40204667945789796,0.09461461705644046,6560,0.7488584474885844,66,88000
100,60,198603.39999999997,132854.896,79847.83749904868,12570.015109113225,15520.867890886777,13991.54950095131,0.597953320542102,0.40204667945789796,0.09461461705644046,6560,0.7488584474885844,66,88000
100,100,198603.39999999997,132854.896,73961.58769041333,6046.6030248170555,22044.279975182944,19877.79930958667,0.6275915332244395,0.37240846677556044,0.04551283548343642,6056,0.691324200913242,66,100000
100,100,198603.39999999997,132854.896,73961.58769041333,6046.6030248170555,22044.279975182944,19877.79930958667,0.6275915332244395,0.37240846677556044,0.04551283548343642,6056,0.691324200913242,66,100000
